,Price,Prediction,PredDelta,State,Shares,IncShares,StockValue,Cash,Folio,IncSum,Performance,NoLossMarketValue,NoLossMarketPerform,MarketOpt,MarketOptPerform,InactiveValue,InactivePerform
0,248.28999300000001,,0.0,Buy,4.0,4.0,993.15997200000004,6.8400279999999611,1000.0,248.28999300000001,1.0,1000.0,1.0,1000.0,1.0,1000.0,1.0
1,253.75,248.765,-1.89555,Sell,0.0,4.0,0.0,1021.840028,1021.840028,253.74999999999997,1.021840028,1021.8400279999998,1.021840028,1021.8400279999998,1.021840028,1021.840028,1.021840028
2,251.82000699999998,250.651,1.88571,Buy,4.0,4.0,1007.2800279999999,14.560000000000059,1021.840028,253.74999999999997,1.021840028,1021.8400279999998,1.021840028,1021.8400279999998,1.021840028,1014.1200559999999,1.0141200559999999
3,253.74000499999997,248.422,-2.22922,Sell,0.0,4.0,0.0,1029.5200199999999,1029.5200199999999,255.66999799999996,1.0295200199999999,1029.5200199999999,1.0295200199999999,1029.5200199999999,1.0295200199999999,1021.8000479999998,1.0218000479999998
4,251.47000099999997,244.738,-3.68338,Pass,0.0,4.0,0.0,1029.5200199999999,1029.5200199999999,255.66999799999996,1.0295200199999999,1029.5200199999999,1.0295200199999999,1029.5200199999999,1.0295200199999999,1012.7200319999998,1.0127200319999998
5,247.71000699999999,237.96,-6.77786,Pass,0.0,4.0,0.0,1029.5200199999999,1029.5200199999999,255.66999799999996,1.0295200199999999,1029.5200199999999,1.0295200199999999,1029.5200199999999,1.0295200199999999,997.68005599999992,0.99768005599999987
6,240.75999500000003,238.972,1.01164,Buy,4.0,4.0,963.03998000000013,66.480039999999804,1029.5200199999999,255.66999799999996,1.0295200199999999,1029.5200199999999,1.0295200199999999,1029.5200199999999,1.0295200199999999,969.88000800000009,0.96988000800000007
7,241.80000299999998,229.786,-9.18637,Sell,0.0,4.0,0.0,1033.6800519999997,1033.6800519999997,256.71000599999991,1.0336800519999998,1033.6800519999997,1.0336800519999998,1033.6800519999997,1.0336800519999998,974.04003999999986,0.97404003999999988
8,232.32000699999998,220.414,-9.37135,Pass,0.0,4.0,0.0,1033.6800519999997,1033.6800519999997,256.71000599999991,1.0336800519999998,1033.6800519999997,1.0336800519999998,1033.6800519999997,1.0336800519999998,936.12005599999986,0.93612005599999981
9,222.55999800000001,209.937,-10.4776,Pass,0.0,4.0,0.0,1033.6800519999997,1033.6800519999997,256.71000599999991,1.0336800519999998,1033.6800519999997,1.0336800519999998,1033.6800519999997,1.0336800519999998,897.08001999999999,0.89708001999999998
10,211.52999900000003,213.153,3.21638,Buy,4.0,4.0,846.11999600000013,187.56005599999958,1033.6800519999997,256.71000599999991,1.0336800519999998,1033.6800519999997,1.0336800519999998,1033.6800519999997,1.0336800519999998,852.96002400000009,0.85296002400000004
11,214.92999300000002,207.476,-5.67719,Sell,0.0,4.0,0.0,1047.2800279999997,1047.2800279999997,260.1099999999999,1.0472800279999996,1047.2800279999997,1.0472800279999996,1047.2800279999997,1.0472800279999996,866.56000000000006,0.86656000000000011
12,208.91999799999999,207.259,-0.216522,Pass,0.0,4.0,0.0,1047.2800279999997,1047.2800279999997,260.1099999999999,1.0472800279999996,1047.2800279999997,1.0472800279999996,1047.2800279999997,1.0472800279999996,842.52001999999993,0.84252001999999993
13,208.69000199999999,207.514,0.254181,Buy,5.0,5.0,1043.45001,3.8300179999996544,1047.2800279999997,260.1099999999999,1.0472800279999996,1047.2800279999997,1.0472800279999996,1307.3900279999993,1.3073900279999993,841.60003599999993,0.84160003599999988
14,208.96000700000002,205.933,-1.58015,Sell,0.0,5.0,0.0,1048.6300529999999,1048.6300529999999,260.38000499999993,1.0486300529999999,1048.3600479999996,1.0483600479999995,1308.7400529999995,1.3087400529999995,842.68005600000004,0.84268005600000007
15,207.279999,206.244,0.310165,Buy,5.0,5.0,1036.399995,12.230057999999872,1048.6300529999999,260.38000499999993,1.0486300529999999,1048.3600479999996,1.0483600479999995,1308.7400529999995,1.3087400529999995,835.96002399999998,0.83596002400000002
16,207.61000100000001,206.883,0.639435,Hold,5.0,5.0,1038.0500050000001,12.230057999999872,1050.2800629999999,260.71000699999991,1.050280063,1049.6800559999997,1.0496800559999997,1310.3900629999994,1.3103900629999994,837.28003200000001,0.83728003200000001
17,208.28999299999998,203.475,-3.40778,Sell,0.0,5.0,0.0,1053.6800229999997,1053.6800229999997,261.38999899999988,1.0536800229999996,1052.4000239999996,1.0524000239999995,1313.7900229999996,1.3137900229999995,839.99999999999989,0.83999999999999986
18,204.66000400000001,209.597,6.12161,Buy,5.0,5.0,1023.3000200000001,30.380002999999533,1053.6800229999997,261.38999899999988,1.0536800229999996,1052.4000239999996,1.0524000239999995,1313.7900229999996,1.3137900229999995,825.48004400000002,0.82548004399999997
19,211.16999799999999,213.419,3.82166,Hold,5.0,5.0,1055.8499899999999,30.380002999999533,1086.2299929999995,267.89999299999982,1.0862299929999994,1078.4399999999991,1.0784399999999992,1346.3399929999991,1.3463399929999991,851.52001999999993,0.85152001999999993
20,215.21000699999999,218.238,4.81985,Hold,5.0,5.0,1076.050035,30.380002999999533,1106.4300379999995,271.94000199999982,1.1064300379999996,1094.6000359999994,1.0946000359999994,1366.5400379999992,1.3665400379999992,867.68005599999992,0.86768005599999998
21,220.27999900000003,214.377,-3.86177,Sell,0.0,5.0,0.0,1131.7799979999998,1131.7799979999998,277.00999399999989,1.1317799979999998,1114.8800039999996,1.1148800039999995,1391.8899979999997,1.3918899979999997,887.96002400000009,0.88796002400000007
22,216.22000099999997,215.982,1.60545,Buy,5.0,5.0,1081.1000049999998,50.679992999999968,1131.7799979999998,277.00999399999989,1.1317799979999998,1114.8800039999996,1.1148800039999995,1391.8899979999997,1.3918899979999997,871.72003199999983,0.87172003199999981
23,217.91000400000001,217.571,1.58929,Hold,5.0,5.0,1089.5500200000001,50.679992999999968,1140.2300130000001,278.69999699999994,1.140230013,1121.6400159999998,1.1216400159999997,1400.3400129999995,1.4003400129999994,878.48004400000002,0.87848004400000002
24,219.58000200000001,222.864,5.29218,Hold,5.0,5.0,1097.9000100000001,50.679992999999968,1148.580003,280.36999499999996,1.148580003,1128.3200079999997,1.1283200079999998,1408.6900029999997,1.4086900029999998,885.16003599999999,0.88516003600000004
25,225.11999500000002,220.873,-1.99051,Sell,0.0,5.0,0.0,1176.2799680000001,1176.2799680000001,285.909988,1.176279968,1150.4799800000001,1.1504799800000001,1436.389968,1.4363899679999999,907.32000800000003,0.90732000800000001
26,223.03999300000001,221.055,0.181656,Buy,5.0,5.0,1115.199965,61.080003000000033,1176.2799680000001,285.909988,1.176279968,1150.4799800000001,1.1504799800000001,1436.389968,1.4363899679999999,899.0,0.89900000000000002
27,223.229996,217.552,-3.50237,Sell,0.0,5.0,0.0,1177.2299829999999,1177.2299829999999,286.09999100000005,1.1772299829999999,1151.2399920000003,1.1512399920000003,1437.3399830000003,1.4373399830000002,899.76001199999996,0.899760012
28,219.55999800000001,216.981,-0.571304,Pass,0.0,5.0,0.0,1177.2299829999999,1177.2299829999999,286.09999100000005,1.1772299829999999,1151.2399920000003,1.1512399920000003,1437.3399830000003,1.4373399830000002,885.08001999999999,0.88508001999999997
29,218.96000699999999,217.01,0.0285492,Buy,5.0,5.0,1094.800035,82.429947999999968,1177.2299829999999,286.09999100000005,1.1772299829999999,1151.2399920000003,1.1512399920000003,1437.3399830000003,1.4373399830000002,882.68005599999992,0.88268005599999988
30,218.99000499999997,218.62,1.61017,Hold,5.0,5.0,1094.9500249999999,82.429947999999968,1177.3799729999998,286.12998900000002,1.1773799729999999,1151.3599840000002,1.1513599840000002,1437.4899730000002,1.4374899730000001,882.80004799999983,0.88280004799999978
31,220.67999300000002,229.805,11.1852,Hold,5.0,5.0,1103.3999650000001,82.429947999999968,1185.829913,287.81997700000011,1.1858299130000001,1158.1199360000005,1.1581199360000005,1445.9399130000006,1.4459399130000006,889.56000000000006,0.88956000000000002
32,232.33999599999999,232.878,3.07266,Hold,5.0,5.0,1161.6999799999999,82.429947999999968,1244.1299279999998,299.47998000000001,1.2441299279999998,1204.7599479999999,1.204759948,1504.239928,1.5042399280000001,936.2000119999999,0.93620001199999991
33,235.520004,226.934,-5.9436,Sell,0.0,5.0,0.0,1260.0299680000001,1260.0299680000001,302.65998800000006,1.260029968,1217.4799800000001,1.21747998,1520.1399680000004,1.5201399680000005,948.92004399999996,0.94892004399999996
34,229.36000099999998,216.819,-10.1148,Pass,0.0,5.0,0.0,1260.0299680000001,1260.0299680000001,302.65998800000006,1.260029968,1217.4799800000001,1.21747998,1520.1399680000004,1.5201399680000005,924.28003199999989,0.92428003199999986
35,218.78999300000001,215.944,-0.875153,Pass,0.0,5.0,0.0,1260.0299680000001,1260.0299680000001,302.65998800000006,1.260029968,1217.4799800000001,1.21747998,1520.1399680000004,1.5201399680000005,882.0,0.88200000000000001
36,217.86999500000002,213.182,-2.76242,Pass,0.0,5.0,0.0,1260.0299680000001,1260.0299680000001,302.65998800000006,1.260029968,1217.4799800000001,1.21747998,1520.1399680000004,1.5201399680000005,878.32000800000003,0.87832000799999999
37,214.96000699999999,215.782,2.60083,Buy,5.0,5.0,1074.800035,185.22993300000007,1260.0299680000001,302.65998800000006,1.260029968,1217.4799800000001,1.21747998,1520.1399680000004,1.5201399680000005,866.68005599999992,0.86668005599999998
38,217.69999700000002,216.001,0.218658,Hold,5.0,5.0,1088.4999850000002,185.22993300000007,1273.7299180000002,305.39997800000003,1.2737299180000001,1228.4399400000002,1.2284399400000001,1533.8399180000001,1.5338399180000002,877.64001600000006,0.87764001600000008
39,217.92999300000002,213.665,-2.336,Sell,0.0,5.0,0.0,1274.8798980000001,1274.8798980000001,305.62997400000006,1.2748798980000002,1229.3599240000003,1.2293599240000004,1534.9898980000003,1.5349898980000003,878.56000000000006,0.87856000000000001
40,215.47000099999997,217.686,4.02058,Buy,5.0,5.0,1077.3500049999998,197.52989300000036,1274.8798980000001,305.62997400000006,1.2748798980000002,1229.3599240000003,1.2293599240000004,1534.9898980000003,1.5349898980000003,868.72003199999983,0.86872003199999981
41,219.69999700000002,217.6,-0.0857544,Sell,0.0,5.0,0.0,1296.0298780000005,1296.0298780000005,309.85997000000015,1.2960298780000006,1246.2799080000004,1.2462799080000004,1556.1398780000009,1.5561398780000009,885.64001600000006,0.88564001600000009
42,219.61000099999998,196.017,-21.5831,Pass,0.0,5.0,0.0,1296.0298780000005,1296.0298780000005,309.85997000000015,1.2960298780000006,1246.2799080000004,1.2462799080000004,1556.1398780000009,1.5561398780000009,885.28003199999989,0.88528003199999994
43,196.66000400000001,195.776,-0.241196,Pass,0.0,5.0,0.0,1296.0298780000005,1296.0298780000005,309.85997000000015,1.2960298780000006,1246.2799080000004,1.2462799080000004,1556.1398780000009,1.5561398780000009,793.48004400000002,0.79348004400000005
44,196.39999399999999,192.768,-3.00812,Pass,0.0,5.0,0.0,1296.0298780000005,1296.0298780000005,309.85997000000015,1.2960298780000006,1246.2799080000004,1.2462799080000004,1556.1398780000009,1.5561398780000009,792.44000399999993,0.79244000399999992
45,193.14999399999999,197.772,5.00481,Buy,6.0,6.0,1158.899964,137.12991400000055,1296.0298780000005,309.85997000000015,1.2960298780000006,1246.2799080000004,1.2462799080000004,1865.9998480000008,1.8659998480000008,779.44000399999993,0.77944000399999991
46,198.550003,200.791,3.01895,Hold,6.0,6.0,1191.3000179999999,137.12991400000055,1328.4299320000005,315.25997900000016,1.3284299320000004,1267.8799440000007,1.2678799440000008,1898.399902000001,1.8983999020000011,801.04003999999998,0.80104003999999995
47,201.78999299999998,208.672,7.8812,Hold,6.0,6.0,1210.7399579999999,137.12991400000055,1347.8698720000004,318.49996900000014,1.3478698720000004,1280.8399040000004,1.2808399040000005,1917.8398420000008,1.9178398420000007,813.99999999999989,0.81399999999999983
48,210.19000199999999,210.645,1.97273,Hold,6.0,6.0,1261.1400119999998,137.12991400000055,1398.2699260000004,326.89997800000015,1.3982699260000004,1314.4399400000007,1.3144399400000006,1968.239896000001,1.9682398960000009,847.60003599999993,0.84760003599999989
49,212.27999900000003,214.642,3.99727,Hold,6.0,6.0,1273.6799940000001,137.12991400000055,1410.8099080000006,328.98997500000024,1.4108099080000007,1322.7999280000008,1.3227999280000009,1980.7798780000016,1.9807798780000017,855.96002400000009,0.85596002400000004
50,216.5,212.253,-2.38924,Sell,0.0,6.0,0.0,1436.1299140000006,1436.1299140000006,333.20997600000015,1.4361299140000006,1339.6799320000005,1.3396799320000006,2006.0998840000011,2.0060998840000011,872.84002799999996,0.87284002799999993
51,213.979996,212.689,0.435654,Buy,6.0,6.0,1283.8799759999999,152.24993800000061,1436.1299140000006,333.20997600000015,1.4361299140000006,1339.6799320000005,1.3396799320000006,2006.0998840000011,2.0060998840000011,862.76001199999996,0.86276001199999997
52,214.44000199999999,214.111,1.42206,Hold,6.0,6.0,1286.6400119999998,152.24993800000061,1438.8899500000005,333.66998200000012,1.4388899500000005,1341.5199560000005,1.3415199560000006,2008.8599200000008,2.0088599200000008,864.60003599999993,0.86460003599999991
53,215.94000199999999,214.908,0.797363,Hold,6.0,6.0,1295.6400119999998,152.24993800000061,1447.8899500000005,335.16998200000018,1.4478899500000004,1347.5199560000005,1.3475199560000006,2017.8599200000012,2.0178599200000011,870.60003599999993,0.87060003599999991
54,216.77999900000003,222.538,7.62961,Hold,6.0,6.0,1300.6799940000001,152.24993800000061,1452.9299320000007,336.00997900000021,1.4529299320000006,1350.8799440000007,1.3508799440000008,2022.8999020000015,2.0228999020000016,873.96002400000009,0.87396002400000006
55,224.77999900000003,222.413,-0.124512,Sell,0.0,6.0,0.0,1500.9299320000007,1500.9299320000007,344.00997900000021,1.5009299320000007,1382.8799440000007,1.3828799440000008,2070.8999020000015,2.0708999020000016,905.96002400000009,0.90596002400000009
56,224.64999399999999,220.386,-2.02776,Pass,0.0,6.0,0.0,1500.9299320000007,1500.9299320000007,344.00997900000021,1.5009299320000007,1382.8799440000007,1.3828799440000008,2070.8999020000015,2.0708999020000016,905.44000399999993,0.90544000399999991
57,222.52999900000003,219.431,-0.954956,Pass,0.0,6.0,0.0,1500.9299320000007,1500.9299320000007,344.00997900000021,1.5009299320000007,1382.8799440000007,1.3828799440000008,2070.8999020000015,2.0708999020000016,896.96002400000009,0.89696002400000008
58,221.52999900000003,218.353,-1.07793,Pass,0.0,6.0,0.0,1500.9299320000007,1500.9299320000007,344.00997900000021,1.5009299320000007,1382.8799440000007,1.3828799440000008,2070.8999020000015,2.0708999020000016,892.96002400000009,0.89296002400000007
59,220.39999399999999,223.947,5.59392,Buy,6.0,6.0,1322.399964,178.52996800000074,1500.9299320000007,344.00997900000021,1.5009299320000007,1382.8799440000007,1.3828799440000008,2070.8999020000015,2.0708999020000016,888.44000399999993,0.88844000399999989
60,226.25,222.998,-0.94899,Sell,0.0,6.0,0.0,1536.0299680000007,1536.0299680000007,349.85998500000017,1.5360299680000007,1406.2799680000007,1.4062799680000007,2105.9999380000013,2.1059999380000014,911.84002799999996,0.91184002799999997
61,225.25999500000003,225.972,2.97476,Buy,6.0,6.0,1351.5599700000002,184.46999800000049,1536.0299680000007,349.85998500000017,1.5360299680000007,1406.2799680000007,1.4062799680000007,2105.9999380000013,2.1059999380000014,907.88000800000009,0.90788000800000013
62,228.36000099999998,218.448,-7.52432,Sell,0.0,6.0,0.0,1554.6300040000003,1554.6300040000003,352.95999100000017,1.5546300040000003,1418.6799920000008,1.4186799920000008,2124.5999740000011,2.124599974000001,920.28003199999989,0.92028003199999986
63,220.5,220.137,1.68913,Buy,7.0,7.0,1543.5,11.130004000000326,1554.6300040000003,352.95999100000017,1.5546300040000003,1418.6799920000008,1.4186799920000008,2477.5599650000013,2.4775599650000011,888.84002799999996,0.88884002799999995
64,222.270004,227.56,7.42223,Hold,7.0,7.0,1555.890028,11.130004000000326,1567.0200320000004,354.72999500000014,1.5670200320000003,1425.7600080000007,1.4257600080000006,2489.9499930000011,2.4899499930000011,895.92004399999996,0.89592004399999992
65,230.00999500000003,227.078,-0.481171,Sell,0.0,7.0,0.0,1621.1999690000005,1621.1999690000005,362.46998600000018,1.6211999690000005,1456.7199720000008,1.4567199720000008,2544.1299300000014,2.5441299300000013,926.88000800000009,0.92688000800000014
66,229.50999500000003,226.097,-0.980927,Pass,0.0,7.0,0.0,1621.1999690000005,1621.1999690000005,362.46998600000018,1.6211999690000005,1456.7199720000008,1.4567199720000008,2544.1299300000014,2.5441299300000013,924.88000800000009,0.92488000800000014
67,228.49000499999997,228.137,2.03987,Buy,7.0,7.0,1599.4300349999999,21.769934000000603,1621.1999690000005,362.46998600000018,1.6211999690000005,1456.7199720000008,1.4567199720000008,2544.1299300000014,2.5441299300000013,920.80004799999983,0.92080004799999982
68,230.61000099999998,232.171,4.03418,Hold,7.0,7.0,1614.2700069999999,21.769934000000603,1636.0399410000005,364.58998200000019,1.6360399410000004,1465.1999560000008,1.4651999560000009,2558.9699020000012,2.5589699020000012,929.28003199999989,0.92928003199999987
69,234.78999299999998,227.56,-4.61195,Sell,0.0,7.0,0.0,1665.2998850000006,1665.2998850000006,368.76997400000016,1.6652998850000005,1481.9199240000007,1.4819199240000007,2588.2298460000011,2.5882298460000013,945.99999999999989,0.94599999999999984
70,230.00999500000003,224.858,-2.70125,Pass,0.0,7.0,0.0,1665.2998850000006,1665.2998850000006,368.76997400000016,1.6652998850000005,1481.9199240000007,1.4819199240000007,2588.2298460000011,2.5882298460000013,926.88000800000009,0.92688000800000014
71,227.19999700000002,223.506,-1.35262,Pass,0.0,7.0,0.0,1665.2998850000006,1665.2998850000006,368.76997400000016,1.6652998850000005,1481.9199240000007,1.4819199240000007,2588.2298460000011,2.5882298460000013,915.64001600000006,0.91564001600000011
72,225.78999300000004,228.137,4.63164,Buy,7.0,7.0,1580.5299510000002,84.769934000000376,1665.2998850000006,368.76997400000016,1.6652998850000005,1481.9199240000007,1.4819199240000007,2588.2298460000011,2.5882298460000013,910.00000000000011,0.91000000000000014
73,230.61000099999998,227.579,-0.558502,Sell,0.0,7.0,0.0,1699.0399410000002,1699.0399410000002,373.58998200000013,1.6990399410000003,1501.1999560000004,1.5011999560000004,2621.9699020000012,2.6219699020000014,929.28003199999989,0.92928003199999987
74,230.02999900000003,223.86,-3.71838,Pass,0.0,7.0,0.0,1699.0399410000002,1699.0399410000002,373.58998200000013,1.6990399410000003,1501.1999560000004,1.5011999560000004,2621.9699020000012,2.6219699020000014,926.96002400000009,0.9269600240000001
75,226.16000400000001,226.665,2.80428,Buy,7.0,7.0,1583.120028,115.91991300000018,1699.0399410000002,373.58998200000013,1.6990399410000003,1501.1999560000004,1.5011999560000004,2621.9699020000012,2.6219699020000014,911.48004400000002,0.91148004400000004
76,229.08000200000001,223.371,-3.29324,Sell,0.0,7.0,0.0,1719.4799270000003,1719.4799270000003,376.5099800000001,1.7194799270000003,1512.8799480000002,1.5128799480000001,2642.4098880000006,2.6424098880000004,923.16003599999999,0.92316003599999996
77,225.64999399999999,222.662,-0.708984,Pass,0.0,7.0,0.0,1719.4799270000003,1719.4799270000003,376.5099800000001,1.7194799270000003,1512.8799480000002,1.5128799480000001,2642.4098880000006,2.6424098880000004,909.44000399999993,0.90944000399999991
78,224.91000400000001,223.333,0.670654,Buy,7.0,7.0,1574.370028,145.10989900000027,1719.4799270000003,376.5099800000001,1.7194799270000003,1512.8799480000002,1.5128799480000001,2642.4098880000006,2.6424098880000004,906.48004400000002,0.90648004400000004
79,225.61000099999998,223.314,-0.0191498,Sell,0.0,7.0,0.0,1724.3799060000001,1724.3799060000001,377.20997700000004,1.724379906,1515.679936,1.5156799359999999,2647.3098670000004,2.6473098670000006,909.28003199999989,0.90928003199999985
80,225.58999599999999,221.418,-1.8958,Pass,0.0,7.0,0.0,1724.3799060000001,1724.3799060000001,377.20997700000004,1.724379906,1515.679936,1.5156799359999999,2647.3098670000004,2.6473098670000006,909.2000119999999,0.90920001199999989
81,223.61000099999998,221.064,-0.353836,Pass,0.0,7.0,0.0,1724.3799060000001,1724.3799060000001,377.20997700000004,1.724379906,1515.679936,1.5156799359999999,2647.3098670000004,2.6473098670000006,901.28003199999989,0.90128003199999984
82,223.24000499999997,221.322,0.258163,Buy,7.0,7.0,1562.6800349999999,161.69987100000026,1724.3799060000001,377.20997700000004,1.724379906,1515.679936,1.5156799359999999,2647.3098670000004,2.6473098670000006,899.80004799999983,0.8998000479999998
83,223.50999500000006,222.749,1.42615,Hold,7.0,7.0,1564.5699650000004,161.69987100000026,1726.2698360000006,377.4799670000001,1.7262698360000006,1516.7598960000005,1.5167598960000004,2649.1997970000007,2.6491997970000005,900.8800080000002,0.90088000800000023
84,225.0,220.768,-1.98068,Sell,0.0,7.0,0.0,1736.6998710000003,1736.6998710000003,378.96997200000004,1.7366998710000003,1522.719916,1.522719916,2659.6298320000005,2.6596298320000007,906.84002799999996,0.90684002799999996
85,222.92999300000002,222.595,1.82742,Buy,7.0,7.0,1560.5099510000002,176.18992000000003,1736.6998710000003,378.96997200000004,1.7366998710000003,1522.719916,1.522719916,2659.6298320000005,2.6596298320000007,898.56000000000006,0.89856000000000003
86,224.83999599999999,220.472,-2.12372,Sell,0.0,7.0,0.0,1750.069892,1750.069892,380.879975,1.750069892,1530.3599279999999,1.5303599279999998,2672.9998530000003,2.6729998530000003,906.2000119999999,0.90620001199999989
87,222.61999500000002,218.887,-1.58479,Pass,0.0,7.0,0.0,1750.069892,1750.069892,380.879975,1.750069892,1530.3599279999999,1.5303599279999998,2672.9998530000003,2.6729998530000003,897.32000800000003,0.897320008
88,220.96000699999999,217.962,-0.92482,Pass,0.0,7.0,0.0,1750.069892,1750.069892,380.879975,1.750069892,1530.3599279999999,1.5303599279999998,2672.9998530000003,2.6729998530000003,890.68005599999992,0.89068005599999989
89,219.99000499999997,213.409,-4.55292,Pass,0.0,7.0,0.0,1750.069892,1750.069892,380.879975,1.750069892,1530.3599279999999,1.5303599279999998,2672.9998530000003,2.6729998530000003,886.80004799999983,0.88680004799999979
90,215.19999700000005,209.757,-3.65173,Pass,0.0,7.0,0.0,1750.069892,1750.069892,380.879975,1.750069892,1530.3599279999999,1.5303599279999998,2672.9998530000003,2.6729998530000003,867.64001600000017,0.86764001600000018
91,211.33999599999999,210.39,0.632721,Buy,8.0,8.0,1690.7199679999999,59.349924000000101,1750.069892,380.879975,1.750069892,1530.3599279999999,1.5303599279999998,3053.8798280000001,3.0538798279999999,852.2000119999999,0.85220001199999995
92,212.00999500000003,199.84,-10.5505,Sell,0.0,8.0,0.0,1755.4298840000004,1755.4298840000004,381.54997400000008,1.7554298840000004,1533.0399240000002,1.5330399240000001,3059.2398200000007,3.0592398200000006,854.88000800000009,0.85488000800000008
93,200.770004,197.057,-2.78294,Pass,0.0,8.0,0.0,1755.4298840000004,1755.4298840000004,381.54997400000008,1.7554298840000004,1533.0399240000002,1.5330399240000001,3059.2398200000007,3.0592398200000006,809.92004399999996,0.80992004399999995
94,197.779999,201.763,4.70619,Buy,8.0,8.0,1582.239992,173.18989200000033,1755.4298840000004,381.54997400000008,1.7554298840000004,1533.0399240000002,1.5330399240000001,3059.2398200000007,3.0592398200000006,797.96002399999998,0.79796002399999999
95,202.83000200000001,200.717,-1.0462,Sell,0.0,8.0,0.0,1795.8299080000004,1795.8299080000004,386.59997700000008,1.7958299080000004,1553.2399360000004,1.5532399360000004,3099.6398440000007,3.0996398440000008,818.16003599999999,0.81816003599999998
96,201.71000700000002,196.667,-4.05009,Pass,0.0,8.0,0.0,1795.8299080000004,1795.8299080000004,386.59997700000008,1.7958299080000004,1553.2399360000004,1.5532399360000004,3099.6398440000007,3.0996398440000008,813.68005600000004,0.81368005600000004
97,197.36000100000001,193.988,-2.67876,Pass,0.0,8.0,0.0,1795.8299080000004,1795.8299080000004,386.59997700000008,1.7958299080000004,1553.2399360000004,1.5532399360000004,3099.6398440000007,3.0996398440000008,796.28003200000001,0.79628003199999997
98,194.470001,197.54,3.55212,Buy,9.0,9.0,1750.2300089999999,45.599899000000505,1795.8299080000004,386.59997700000008,1.7958299080000004,1553.2399360000004,1.5532399360000004,3486.2398210000006,3.4862398210000007,784.72003199999995,0.78472003199999996
99,198.300003,195.451,-2.08879,Sell,0.0,9.0,0.0,1830.2999260000006,1830.2999260000006,390.42997900000012,1.8302999260000006,1568.5599440000005,1.5685599440000006,3520.709839000001,3.5207098390000011,800.04003999999998,0.80004003999999995
100,196.050003,195.785,0.333801,Buy,9.0,9.0,1764.4500270000001,65.849899000000505,1830.2999260000006,390.42997900000012,1.8302999260000006,1568.5599440000005,1.5685599440000006,3520.709839000001,3.5207098390000011,791.04003999999998,0.79104003999999994
101,196.41000400000001,199.513,3.72839,Hold,9.0,9.0,1767.6900360000002,65.849899000000505,1833.5399350000007,390.78998000000007,1.8335399350000008,1569.9999480000001,1.5699999480000002,3523.9498480000007,3.5239498480000004,792.48004400000002,0.79248004400000005
102,200.41999799999999,204.169,4.65553,Hold,9.0,9.0,1803.779982,65.849899000000505,1869.6298810000005,394.79997400000008,1.8696298810000005,1586.0399240000002,1.586039924,3560.0397940000007,3.5600397940000006,808.52001999999993,0.80852001999999989
103,205.39999399999999,205.051,0.881836,Hold,9.0,9.0,1848.5999459999998,65.849899000000505,1914.4498450000003,399.77997000000016,1.9144498450000003,1605.9599080000007,1.6059599080000007,3604.8597580000014,3.6048597580000012,828.44000399999993,0.82844000399999995
104,206.33999599999999,203.457,-1.59412,Sell,0.0,9.0,0.0,1922.9098630000003,1922.9098630000003,400.71997200000021,1.9229098630000003,1609.7199160000009,1.6097199160000009,3613.3197760000021,3.6133197760000022,832.2000119999999,0.83220001199999993
105,204.63999899999999,204.0,0.543518,Buy,9.0,9.0,1841.7599909999999,81.149872000000414,1922.9098630000003,400.71997200000021,1.9229098630000003,1609.7199160000009,1.6097199160000009,3613.3197760000021,3.6133197760000022,825.40002399999992,0.8254000239999999
106,205.220001,205.135,1.13509,Hold,9.0,9.0,1846.9800089999999,81.149872000000414,1928.1298810000003,401.29997400000025,1.9281298810000003,1612.0399240000011,1.612039924000001,3618.5397940000025,3.6185397940000024,827.72003199999995,0.82772003199999999
107,206.429993,206.093,0.958084,Hold,9.0,9.0,1857.8699369999999,81.149872000000414,1939.0198090000004,402.50996600000019,1.9390198090000004,1616.8798920000008,1.6168798920000009,3629.4297220000017,3.6294297220000016,832.55999999999995,0.83255999999999997
108,207.449997,207.542,1.44862,Hold,9.0,9.0,1867.0499729999999,81.149872000000414,1948.1998450000003,403.52997000000028,1.9481998450000004,1620.9599080000012,1.6209599080000012,3638.6097580000028,3.638609758000003,836.64001599999995,0.83664001599999993
109,208.990005,204.553,-2.98851,Sell,0.0,9.0,0.0,1962.0599170000005,1962.0599170000005,405.06997800000028,1.9620599170000006,1627.119940000001,1.6271199400000009,3652.4698300000027,3.6524698300000029,842.80004799999995,0.84280004799999997
110,205.80999800000001,204.985,0.43161,Buy,9.0,9.0,1852.289982,109.76993500000049,1962.0599170000005,405.06997800000028,1.9620599170000006,1627.119940000001,1.6271199400000009,3652.4698300000027,3.6524698300000029,830.08001999999999,0.83008002000000003
111,206.270004,199.774,-5.21063,Sell,0.0,9.0,0.0,1966.1999710000005,1966.1999710000005,405.5299840000003,1.9661999710000004,1628.959964000001,1.628959964000001,3656.6098840000027,3.6566098840000025,831.92004399999996,0.83192004399999997
112,200.699997,202.885,3.11101,Buy,9.0,9.0,1806.2999729999999,159.89999800000055,1966.1999710000005,405.5299840000003,1.9661999710000004,1628.959964000001,1.628959964000001,3656.6098840000027,3.6566098840000025,809.64001599999995,0.80964001599999991
113,204.029999,211.988,9.10283,Hold,9.0,9.0,1836.2699910000001,159.89999800000055,1996.1699890000007,408.85998600000033,1.9961699890000006,1642.2799720000012,1.6422799720000012,3686.5799020000031,3.6865799020000032,822.96002399999998,0.82296002400000001
114,213.69999700000002,209.823,-2.16472,Sell,0.0,9.0,0.0,2083.1999710000009,2083.1999710000009,418.52998400000035,2.0831999710000009,1680.9599640000015,1.6809599640000015,3773.6098840000031,3.773609884000003,861.64001600000006,0.86164001600000006
115,211.41000400000001,207.043,-2.78041,Pass,0.0,9.0,0.0,2083.1999710000009,2083.1999710000009,418.52998400000035,2.0831999710000009,1680.9599640000015,1.6809599640000015,3773.6098840000031,3.773609884000003,852.48004400000002,0.85248004399999999
116,208.46000700000002,200.054,-6.98895,Pass,0.0,9.0,0.0,2083.1999710000009,2083.1999710000009,418.52998400000035,2.0831999710000009,1680.9599640000015,1.6809599640000015,3773.6098840000031,3.773609884000003,840.68005600000004,0.84068005600000006
117,201.0,195.97,-4.08365,Pass,0.0,9.0,0.0,2083.1999710000009,2083.1999710000009,418.52998400000035,2.0831999710000009,1680.9599640000015,1.6809599640000015,3773.6098840000031,3.773609884000003,810.84002799999996,0.81084002799999999
118,196.61000100000001,200.007,4.03699,Buy,10.0,10.0,1966.1000100000001,117.0999610000008,2083.1999710000009,418.52998400000035,2.0831999710000009,1680.9599640000015,1.6809599640000015,4192.1398680000029,4.1921398680000026,793.28003200000001,0.79328003199999997
119,200.949997,199.215,-0.792328,Sell,0.0,10.0,0.0,2126.5999310000007,2126.5999310000007,422.8699800000004,2.1265999310000008,1698.3199480000017,1.6983199480000017,4235.5398280000036,4.2355398280000038,810.64001599999995,0.81064001599999991
120,200.10000600000001,200.53,1.3148,Buy,10.0,10.0,2001.0000600000001,125.59987100000058,2126.5999310000007,422.8699800000004,2.1265999310000008,1698.3199480000017,1.6983199480000017,4235.5398280000036,4.2355398280000038,807.24005199999999,0.80724005200000004
121,201.509995,199.346,-1.18436,Sell,0.0,10.0,0.0,2140.6998210000006,2140.6998210000006,424.27996900000039,2.1406998210000006,1703.9599040000016,1.7039599040000017,4249.6397180000031,4.2496397180000027,812.88000799999998,0.81288000799999993
122,200.240005,195.878,-3.46788,Pass,0.0,10.0,0.0,2140.6998210000006,2140.6998210000006,424.27996900000039,2.1406998210000006,1703.9599040000016,1.7039599040000017,4249.6397180000031,4.2496397180000027,807.80004799999995,0.80780004799999994
123,196.509995,193.516,-2.36157,Pass,0.0,10.0,0.0,2140.6998210000006,2140.6998210000006,424.27996900000039,2.1406998210000006,1703.9599040000016,1.7039599040000017,4249.6397180000031,4.2496397180000027,792.88000799999998,0.79288000800000002
124,193.96000700000002,198.284,4.76788,Buy,11.0,11.0,2133.5600770000001,7.139744000000519,2140.6998210000006,424.27996900000039,2.1406998210000006,1703.9599040000016,1.7039599040000017,4673.9196870000042,4.6739196870000042,782.68005600000004,0.78268005600000001
125,199.10000600000001,202.446,4.16153,Hold,11.0,11.0,2190.100066,7.139744000000519,2197.2398100000005,429.41996800000038,2.1972398100000006,1724.5199000000016,1.7245199000000015,4730.459676000004,4.7304596760000042,803.24005199999999,0.80324005200000004
126,203.55999800000001,198.284,-4.16153,Sell,0.0,11.0,0.0,2246.2997220000007,2246.2997220000007,433.87996000000032,2.2462997220000007,1742.3598680000014,1.7423598680000014,4779.5195880000028,4.779519588000003,821.08001999999999,0.82108002000000002
127,199.10000600000001,199.206,0.921799,Buy,11.0,11.0,2190.100066,56.199656000000687,2246.2997220000007,433.87996000000032,2.2462997220000007,1742.3598680000014,1.7423598680000014,4779.5195880000028,4.779519588000003,803.24005199999999,0.80324005200000004
128,200.08999599999999,201.697,2.49161,Hold,11.0,11.0,2200.9899559999999,56.199656000000687,2257.1896120000006,434.86995000000036,2.2571896120000008,1746.3198280000015,1.7463198280000014,4790.4094780000032,4.7904094780000035,807.2000119999999,0.80720001199999991
129,202.759995,201.305,-0.392456,Sell,0.0,11.0,0.0,2286.5596010000008,2286.5596010000008,437.53994900000038,2.2865596010000009,1756.9998240000014,1.7569998240000013,4819.7794670000039,4.8197794670000036,817.88000799999998,0.81788000799999994
130,202.33999599999999,201.212,-0.0934143,Pass,0.0,11.0,0.0,2286.5596010000008,2286.5596010000008,437.53994900000038,2.2865596010000009,1756.9998240000014,1.7569998240000013,4819.7794670000039,4.8197794670000036,816.2000119999999,0.81620001199999992
131,202.240005,202.867,1.65511,Buy,11.0,11.0,2224.6400549999998,61.919546000000992,2286.5596010000008,437.53994900000038,2.2865596010000009,1756.9998240000014,1.7569998240000013,4819.7794670000039,4.8197794670000036,815.80004799999995,0.81580004799999994
132,204.009995,199.094,-3.77263,Sell,0.0,11.0,0.0,2306.0294910000011,2306.0294910000011,439.30993900000033,2.3060294910000012,1764.0797840000014,1.7640797840000013,4839.2493570000033,4.8392493570000035,822.88000799999998,0.82288000799999994
133,199.970001,197.01,-2.08385,Pass,0.0,11.0,0.0,2306.0294910000011,2306.0294910000011,439.30993900000033,2.3060294910000012,1764.0797840000014,1.7640797840000013,4839.2493570000033,4.8392493570000035,806.72003199999995,0.80672003199999998
134,197.729996,190.591,-6.41919,Pass,0.0,11.0,0.0,2306.0294910000011,2306.0294910000011,439.30993900000033,2.3060294910000012,1764.0797840000014,1.7640797840000013,4839.2493570000033,4.8392493570000035,797.76001199999996,0.79776001199999991
135,190.78999299999998,188.045,-2.54622,Pass,0.0,11.0,0.0,2306.0294910000011,2306.0294910000011,439.30993900000033,2.3060294910000012,1764.0797840000014,1.7640797840000013,4839.2493570000033,4.8392493570000035,769.99999999999989,0.76999999999999991
136,188.020004,187.494,-0.550308,Pass,0.0,11.0,0.0,2306.0294910000011,2306.0294910000011,439.30993900000033,2.3060294910000012,1764.0797840000014,1.7640797840000013,4839.2493570000033,4.8392493570000035,758.92004399999996,0.75892004400000002
137,187.41999799999999,190.379,2.88477,Buy,12.0,12.0,2249.039976,56.98951500000112,2306.0294910000011,439.30993900000033,2.3060294910000012,1764.0797840000014,1.7640797840000013,5278.559296000004,5.2785592960000036,756.52001999999993,0.75652001999999996
138,190.55999800000001,192.823,2.44376,Hold,12.0,12.0,2286.7199760000003,56.98951500000112,2343.7094910000014,442.44993900000043,2.3437094910000016,1776.6397840000018,1.7766397840000019,5316.2392960000043,5.3162392960000044,769.08001999999999,0.76908001999999998
139,193.21000700000002,194.423,1.59982,Hold,12.0,12.0,2318.5200840000002,56.98951500000112,2375.5095990000013,445.09994800000044,2.3755095990000012,1787.2398200000016,1.7872398200000017,5348.0394040000047,5.348039404000005,779.68005600000004,0.77968005600000001
140,194.94000199999999,189.919,-4.50374,Sell,0.0,12.0,0.0,2396.2695390000008,2396.2695390000008,446.82994300000041,2.3962695390000008,1794.1598000000017,1.7941598000000016,5368.7993440000046,5.3687993440000046,786.60003599999993,0.78660003599999995
141,190.05999800000001,185.599,-4.31981,Pass,0.0,12.0,0.0,2396.2695390000008,2396.2695390000008,446.82994300000041,2.3962695390000008,1794.1598000000017,1.7941598000000016,5368.7993440000046,5.3687993440000046,767.08001999999999,0.76708001999999997
142,185.35000600000001,188.54,2.94113,Buy,12.0,12.0,2224.2000720000001,172.06946700000071,2396.2695390000008,446.82994300000041,2.3962695390000008,1794.1598000000017,1.7941598000000016,5368.7993440000046,5.3687993440000046,748.24005199999999,0.74824005199999999
143,188.55999800000001,182.043,-6.4975,Sell,0.0,12.0,0.0,2434.789443000001,2434.789443000001,450.03993500000036,2.434789443000001,1806.9997680000015,1.8069997680000014,5407.3192480000043,5.4073192480000047,761.08001999999999,0.76108001999999997
144,181.449997,184.156,2.11331,Buy,13.0,13.0,2358.8499609999999,75.939482000001135,2434.789443000001,450.03993500000036,2.434789443000001,1806.9997680000015,1.8069997680000014,5857.3591830000041,5.8573591830000042,732.64001599999995,0.73264001599999995
145,183.770004,184.302,0.145966,Hold,13.0,13.0,2389.0100520000001,75.939482000001135,2464.9495340000012,452.35994200000033,2.4649495340000014,1816.2797960000012,1.8162797960000012,5887.5192740000039,5.8875192740000042,741.92004399999996,0.741920044
146,183.929993,188.632,4.33008,Hold,13.0,13.0,2391.0899089999998,75.939482000001135,2467.0293910000009,452.51993100000038,2.467029391000001,1816.9197520000016,1.8169197520000016,5889.5991310000045,5.8895991310000042,742.55999999999995,0.74256
147,188.66000400000001,185.298,-3.33466,Sell,0.0,13.0,0.0,2528.5195340000014,2528.5195340000014,457.24994200000037,2.5285195340000013,1835.8397960000016,1.8358397960000015,5951.0892740000045,5.9510892740000045,761.48004400000002,0.76148004400000002
148,185.020004,184.841,-0.456772,Pass,0.0,13.0,0.0,2528.5195340000014,2528.5195340000014,457.24994200000037,2.5285195340000013,1835.8397960000016,1.8358397960000015,5951.0892740000045,5.9510892740000045,746.92004399999996,0.74692004400000001
149,184.520004,190.941,6.10017,Buy,13.0,13.0,2398.7600520000001,129.7594820000013,2528.5195340000014,457.24994200000037,2.5285195340000013,1835.8397960000016,1.8358397960000015,5951.0892740000045,5.9510892740000045,744.92004399999996,0.744920044
150,191.16999799999999,192.758,1.81731,Hold,13.0,13.0,2485.2099739999999,129.7594820000013,2614.9694560000012,463.89993600000037,2.6149694560000012,1862.4397720000015,1.8624397720000014,6037.5391960000043,6.0375391960000044,771.52001999999993,0.77152001999999997
151,193.13999899999999,196.008,3.24925,Hold,13.0,13.0,2510.8199869999999,129.7594820000013,2640.5794690000012,465.86993700000039,2.6405794690000013,1870.3197760000016,1.8703197760000017,6063.1492090000047,6.063149209000005,779.40002399999992,0.77940002399999997
152,196.64999399999999,195.516,-0.491531,Sell,0.0,13.0,0.0,2686.2094040000011,2686.2094040000011,469.37993200000039,2.6862094040000013,1884.3597560000017,1.8843597560000016,6108.7791440000046,6.108779144000005,793.44000399999993,0.79344000399999992
153,196.11999499999999,189.468,-6.04761,Pass,0.0,13.0,0.0,2686.2094040000011,2686.2094040000011,469.37993200000039,2.6862094040000013,1884.3597560000017,1.8843597560000016,6108.7791440000046,6.108779144000005,791.32000799999992,0.79132000799999991
154,189.570007,189.312,-0.156296,Pass,0.0,13.0,0.0,2686.2094040000011,2686.2094040000011,469.37993200000039,2.6862094040000013,1884.3597560000017,1.8843597560000016,6108.7791440000046,6.108779144000005,765.12005599999998,0.76512005599999999
155,189.39999399999999,182.434,-6.87804,Pass,0.0,13.0,0.0,2686.2094040000011,2686.2094040000011,469.37993200000039,2.6862094040000013,1884.3597560000017,1.8843597560000016,6108.7791440000046,6.108779144000005,764.44000399999993,0.7644400039999999
156,181.88000500000001,182.061,-0.373001,Pass,0.0,13.0,0.0,2686.2094040000011,2686.2094040000011,469.37993200000039,2.6862094040000013,1884.3597560000017,1.8843597560000016,6108.7791440000046,6.108779144000005,734.36004800000001,0.73436004799999999
157,181.470001,186.926,4.86517,Buy,14.0,14.0,2540.5800140000001,145.62939000000097,2686.2094040000011,469.37993200000039,2.6862094040000013,1884.3597560000017,1.8843597560000016,6578.1590760000054,6.5781590760000057,732.72003199999995,0.73272003199999991
158,186.800003,186.057,-0.869705,Sell,0.0,14.0,0.0,2760.8294320000009,2760.8294320000009,474.70993400000032,2.7608294320000009,1905.6797640000013,1.9056797640000014,6652.7791040000038,6.6527791040000039,754.04003999999998,0.75404004000000002
159,185.85000600000001,192.768,6.711,Buy,14.0,14.0,2601.9000839999999,158.92934800000103,2760.8294320000009,474.70993400000032,2.7608294320000009,1905.6797640000013,1.9056797640000014,6652.7791040000038,6.6527791040000039,750.24005199999999,0.75024005199999999
160,193.14999399999999,191.974,-0.793915,Sell,0.0,14.0,0.0,2863.0292640000011,2863.0292640000011,482.0099220000003,2.863029264000001,1934.8797160000013,1.9348797160000013,6754.9789360000041,6.7549789360000041,779.44000399999993,0.77944000399999991
161,192.28999299999998,191.872,-0.101486,Pass,0.0,14.0,0.0,2863.0292640000011,2863.0292640000011,482.0099220000003,2.863029264000001,1934.8797160000013,1.9348797160000013,6754.9789360000041,6.7549789360000041,775.99999999999989,0.77599999999999991
162,192.179993,192.103,0.230652,Buy,14.0,14.0,2690.519902,172.50936200000115,2863.0292640000011,482.0099220000003,2.863029264000001,1934.8797160000013,1.9348797160000013,6754.9789360000041,6.7549789360000041,775.55999999999995,0.77555999999999992
163,192.429993,197.4,5.29767,Hold,14.0,14.0,2694.019902,172.50936200000115,2866.5292640000011,482.2599220000003,2.8665292640000013,1935.8797160000013,1.9358797160000012,6758.4789360000041,6.7584789360000039,776.55999999999995,0.77655999999999992
164,198.14999399999999,197.903,0.502106,Hold,14.0,14.0,2774.0999160000001,172.50936200000115,2946.6092780000013,487.97992300000033,2.9466092780000013,1958.7597200000014,1.9587597200000013,6838.5589500000042,6.8385589500000039,799.44000399999993,0.79944000399999993
165,198.69000199999999,196.871,-1.03171,Sell,0.0,14.0,0.0,2954.1693900000009,2954.1693900000009,488.51993100000038,2.954169390000001,1960.9197520000016,1.9609197520000017,6846.1190620000052,6.846119062000005,801.60003599999993,0.80160003599999996
166,197.58000200000001,201.445,4.57425,Buy,14.0,14.0,2766.1200280000003,188.04936200000066,2954.1693900000009,488.51993100000038,2.954169390000001,1960.9197520000016,1.9609197520000017,6846.1190620000052,6.846119062000005,797.16003599999999,0.79716003599999996
167,202.490005,201.669,0.224274,Hold,14.0,14.0,2834.8600699999997,188.04936200000066,3022.9094320000004,493.42993400000034,3.0229094320000005,1980.5597640000015,1.9805597640000014,6914.8591040000047,6.9148591040000049,816.80004799999995,0.81680004799999995
168,202.729996,207.354,5.68423,Hold,14.0,14.0,2838.2199439999999,188.04936200000066,3026.2693060000006,493.66992500000038,3.0262693060000005,1981.5197280000016,1.9815197280000016,6918.2189780000053,6.918218978000005,817.76001199999996,0.81776001199999993
169,208.78999299999998,206.328,-1.02536,Sell,0.0,14.0,0.0,3111.1092640000006,3111.1092640000006,499.72992200000033,3.1111092640000004,2005.7597160000014,2.0057597160000014,7003.058936000004,7.003058936000004,841.99999999999989,0.84199999999999986
170,207.699997,207.034,0.705399,Buy,14.0,14.0,2907.7999580000001,203.30930600000056,3111.1092640000006,499.72992200000033,3.1111092640000004,2005.7597160000014,2.0057597160000014,7003.058936000004,7.003058936000004,837.64001599999995,0.83764001599999993
171,208.449997,211.648,4.61388,Hold,14.0,14.0,2918.2999580000001,203.30930600000056,3121.6092640000006,500.47992200000039,3.1216092640000008,2008.7597160000014,2.0087597160000015,7013.5589360000049,7.0135589360000052,840.64001599999995,0.84064001599999993
172,213.33999599999999,217.524,5.87625,Hold,14.0,14.0,2986.7599439999999,203.30930600000056,3190.0692500000005,505.36992100000037,3.1900692500000005,2028.3197120000013,2.0283197120000014,7082.0189220000047,7.0820189220000049,860.2000119999999,0.86020001199999985
173,219.52999900000003,217.724,0.200043,Hold,14.0,14.0,3073.4199860000003,203.30930600000056,3276.7292920000009,511.55992400000042,3.2767292920000011,2053.0797240000015,2.0530797240000016,7168.6789640000052,7.168678964000005,884.96002400000009,0.88496002400000007
174,219.74000499999997,212.916,-4.80756,Sell,0.0,14.0,0.0,3279.6693760000003,3279.6693760000003,511.76993000000033,3.2796693760000002,2053.9197480000012,2.0539197480000011,7171.6190480000041,7.1716190480000037,885.80004799999983,0.88580004799999978
175,214.67999300000002,211.979,-0.937531,Pass,0.0,14.0,0.0,3279.6693760000003,3279.6693760000003,511.76993000000033,3.2796693760000002,2053.9197480000012,2.0539197480000011,7171.6190480000041,7.1716190480000037,865.56000000000006,0.86556000000000011
176,213.69000199999999,215.108,3.12906,Buy,15.0,15.0,3205.3500300000001,74.319346000000223,3279.6693760000003,511.76993000000033,3.2796693760000002,2053.9197480000012,2.0539197480000011,7683.3889780000045,7.6833889780000044,861.60003599999993,0.8616000359999999
177,216.99000499999997,224.657,9.54889,Hold,15.0,15.0,3254.8500749999994,74.319346000000223,3329.1694209999996,515.06993300000022,3.3291694209999996,2067.119760000001,2.0671197600000011,7732.8890230000025,7.732889023000002,874.80004799999983,0.87480004799999989
178,226.99000499999997,224.426,-0.230316,Sell,0.0,15.0,0.0,3479.1694209999996,3479.1694209999996,525.06993300000022,3.4791694209999995,2107.119760000001,2.1071197600000011,7882.8890230000025,7.8828890230000024,914.80004799999983,0.91480004799999981
179,226.75,226.597,2.17102,Buy,15.0,15.0,3401.25,77.919420999999602,3479.1694209999996,525.06993300000022,3.4791694209999995,2107.119760000001,2.1071197600000011,7882.8890230000025,7.8828890230000024,913.84002799999996,0.91384002799999997
180,229.00999500000003,228.783,2.18546,Hold,15.0,15.0,3435.1499250000006,77.919420999999602,3513.0693460000002,527.32992800000022,3.5130693460000004,2116.159740000001,2.116159740000001,7916.7889480000031,7.9167889480000033,922.88000800000009,0.92288000800000014
181,231.27999900000003,227.425,-1.35806,Sell,0.0,15.0,0.0,3547.1194060000003,3547.1194060000003,529.59993200000019,3.5471194060000002,2125.2397560000009,2.1252397560000009,7950.8390080000027,7.9508390080000027,931.96002400000009,0.93196002400000011
182,229.86999500000002,227.29,-0.134735,Pass,0.0,15.0,0.0,3547.1194060000003,3547.1194060000003,529.59993200000019,3.5471194060000002,2125.2397560000009,2.1252397560000009,7950.8390080000027,7.9508390080000027,926.32000800000003,0.92632000800000003
183,229.72999600000003,227.155,-0.134735,Pass,0.0,15.0,0.0,3547.1194060000003,3547.1194060000003,529.59993200000019,3.5471194060000002,2125.2397560000009,2.1252397560000009,7950.8390080000027,7.9508390080000027,925.76001200000007,0.92576001200000002
184,229.58999599999999,235.038,7.88246,Buy,15.0,15.0,3443.8499399999996,103.26946600000065,3547.1194060000003,529.59993200000019,3.5471194060000002,2125.2397560000009,2.1252397560000009,7950.8390080000027,7.9508390080000027,925.2000119999999,0.92520001199999991
185,237.75,232.936,-2.1021,Sell,0.0,15.0,0.0,3669.5194660000006,3669.5194660000006,537.75993600000015,3.6695194660000006,2157.8797720000007,2.1578797720000007,8073.2390680000017,8.0732390680000012,957.84002799999996,0.95784002800000001
186,235.58000200000001,235.629,2.69376,Buy,15.0,15.0,3533.70003,135.81943600000068,3669.5194660000006,537.75993600000015,3.6695194660000006,2157.8797720000007,2.1578797720000007,8073.2390680000017,8.0732390680000012,949.16003599999999,0.94916003599999998
187,238.36000099999998,240.881,5.25171,Hold,15.0,15.0,3575.4000149999997,135.81943600000068,3711.2194510000004,540.53993500000013,3.7112194510000003,2168.9997680000006,2.1689997680000004,8114.9390530000019,8.1149390530000023,960.28003199999989,0.96028003199999989
188,243.75999500000003,241.827,0.945984,Hold,15.0,15.0,3656.3999250000006,135.81943600000068,3792.2193610000013,545.93992900000012,3.7922193610000012,2190.5997440000006,2.1905997440000005,8195.9389630000023,8.1959389630000015,981.88000800000009,0.98188000800000008
189,244.729996,245.922,4.09526,Hold,15.0,15.0,3670.94994,135.81943600000068,3806.7693760000006,546.90993000000014,3.8067693760000005,2194.4797480000007,2.1944797480000005,8210.488978000003,8.2104889780000025,985.76001199999996,0.98576001199999996
190,248.91999799999999,251.506,5.58394,Hold,15.0,15.0,3733.79997,135.81943600000068,3869.6194060000007,551.09993200000008,3.8696194060000009,2211.2397560000004,2.2112397560000003,8273.3390080000008,8.2733390080000007,1002.5200199999999,1.00252002
191,254.61000099999998,251.369,-0.137711,Sell,0.0,15.0,0.0,3954.9694510000004,3954.9694510000004,556.78993500000013,3.9549694510000002,2233.9997680000006,2.2339997680000008,8358.6890530000019,8.3586890530000026,1025.2800319999999,1.025280032
192,254.47000099999997,249.443,-1.9261,Pass,0.0,15.0,0.0,3954.9694510000004,3954.9694510000004,556.78993500000013,3.9549694510000002,2233.9997680000006,2.2339997680000008,8358.6890530000019,8.3586890530000026,1024.7200319999997,1.0247200319999996
193,252.50999500000006,249.875,0.432098,Buy,15.0,15.0,3787.6499250000011,167.31952599999931,3954.9694510000004,556.78993500000013,3.9549694510000002,2233.9997680000006,2.2339997680000008,8358.6890530000019,8.3586890530000026,1016.8800080000002,1.0168800080000002
194,252.94999700000002,247.598,-2.27676,Sell,0.0,15.0,0.0,3961.5694809999995,3961.5694809999995,557.22993700000006,3.9615694809999997,2235.7597760000003,2.2357597760000005,8365.2890830000015,8.3652890830000022,1018.6400160000001,1.018640016
195,250.63000499999998,248.873,1.27528,Buy,15.0,15.0,3759.4500749999997,202.1194059999998,3961.5694809999995,557.22993700000006,3.9615694809999997,2235.7597760000003,2.2357597760000005,8365.2890830000015,8.3652890830000022,1009.3600479999999,1.0093600479999998
196,251.92999300000002,246.236,-2.63737,Sell,0.0,15.0,0.0,3981.069301,3981.069301,558.52992500000005,3.9810693009999998,2240.9597280000003,2.2409597280000004,8384.7889030000006,8.3847889030000005,1014.5600000000001,1.0145600000000001
197,249.24000499999997,248.5,2.26443,Buy,15.0,15.0,3738.6000749999994,242.46922600000062,3981.069301,558.52992500000005,3.9810693009999998,2240.9597280000003,2.2409597280000004,8384.7889030000006,8.3847889030000005,1003.8000479999998,1.0038000479999998
198,251.55000299999998,248.284,-0.215836,Sell,0.0,15.0,0.0,4015.7192710000004,4015.7192710000004,560.839923,4.015719271,2250.1997200000001,2.2501997199999999,8419.438873000001,8.4194388730000007,1013.0400399999999,1.0130400399999999
199,251.33000200000001,254.618,6.33391,Buy,15.0,15.0,3769.95003,245.76924100000042,4015.7192710000004,560.839923,4.015719271,2250.1997200000001,2.2501997199999999,8419.438873000001,8.4194388730000007,1012.160036,1.012160036
200,257.76998900000001,254.332,-0.285889,Sell,0.0,15.0,0.0,4112.3190760000007,4112.3190760000007,567.27990999999997,4.1123190760000004,2275.959668,2.275959668,8516.0386780000008,8.516038678000001,1037.9199840000001,1.0379199840000002
201,257.48001099999999,258.875,4.5423,Buy,15.0,15.0,3862.2001649999997,250.11891100000094,4112.3190760000007,567.27990999999997,4.1123190760000004,2275.959668,2.275959668,8516.0386780000008,8.516038678000001,1036.760072,1.0367600720000001
202,262.07998700000002,265.935,7.06042,Hold,15.0,15.0,3931.1998050000002,250.11891100000094,4181.3187160000016,571.87988600000006,4.1813187160000016,2294.3595720000003,2.2943595720000003,8585.0383180000008,8.5850383180000005,1055.1599759999999,1.0551599759999999
203,269.20001200000002,265.965,0.0298157,Hold,15.0,15.0,4038.00018,250.11891100000094,4288.1190910000005,578.99991100000011,4.2881190910000004,2322.8396720000005,2.3228396720000006,8691.8386930000015,8.6918386930000011,1083.6400760000001,1.0836400760000002
204,269.23001099999999,277.309,11.3445,Hold,15.0,15.0,4038.4501649999997,250.11891100000094,4288.5690760000007,579.02991000000009,4.2885690760000008,2322.9596680000004,2.3229596680000002,8692.2886780000026,8.6922886780000024,1083.760072,1.083760072
205,280.60000600000001,277.69,0.380585,Hold,15.0,15.0,4209.0000900000005,250.11891100000094,4459.1190010000009,590.3999050000001,4.4591190010000012,2368.4396480000005,2.3684396480000003,8862.838603000002,8.8628386030000019,1129.2400520000001,1.1292400520000001
206,280.98001099999999,276.469,-1.22144,Sell,0.0,15.0,0.0,4464.8190760000016,4464.8190760000016,590.77991000000009,4.4648190760000013,2369.9596680000004,2.3699596680000004,8868.5386780000026,8.868538678000002,1130.760072,1.1307600719999999
207,279.76001000000002,265.687,-10.782,Pass,0.0,15.0,0.0,4464.8190760000016,4464.8190760000016,590.77991000000009,4.4648190760000013,2369.9596680000004,2.3699596680000004,8868.5386780000026,8.868538678000002,1125.8800679999999,1.1258800679999998
208,268.95001200000002,268.95,3.26358,Buy,16.0,16.0,4303.2001920000002,161.61888400000134,4464.8190760000016,590.77991000000009,4.4648190760000013,2369.9596680000004,2.3699596680000004,9459.3185880000019,9.4593185880000021,1082.6400760000001,1.0826400760000001
209,272.23001099999999,274.098,5.14825,Hold,16.0,16.0,4355.6801759999998,161.61888400000134,4517.2990600000012,594.05990900000006,4.5172990600000009,2383.0796640000003,2.3830796640000003,9511.7985720000015,9.5117985720000018,1095.760072,1.095760072
210,277.39001500000001,270.226,-3.87277,Sell,0.0,16.0,0.0,4599.8591240000014,4599.8591240000014,599.21991300000002,4.5998591240000017,2403.7196800000002,2.40371968,9594.3586360000008,9.5943586360000008,1116.4000879999999,1.1164000879999998
211,273.51001000000002,252.864,-17.3613,Pass,0.0,16.0,0.0,4599.8591240000014,4599.8591240000014,599.21991300000002,4.5998591240000017,2403.7196800000002,2.40371968,9594.3586360000008,9.5943586360000008,1100.8800679999999,1.1008800679999999
212,255.99000499999997,253.859,0.994934,Buy,17.0,17.0,4351.8300849999996,248.02903900000183,4599.8591240000014,599.21991300000002,4.5998591240000017,2403.7196800000002,2.40371968,10193.578549000002,10.193578549000001,1030.8000479999998,1.0308000479999999
213,257.0,243.292,-10.5677,Sell,0.0,17.0,0.0,4617.0290390000018,4617.0290390000018,600.22990800000002,4.6170290390000019,2407.7596600000002,2.40775966,10210.748464,10.210748464,1034.8400280000001,1.0348400280000001
214,246.229996,246.97,3.67896,Buy,18.0,18.0,4432.1399279999996,184.88911100000223,4617.0290390000018,600.22990800000002,4.6170290390000019,2407.7596600000002,2.40775966,10810.978372000001,10.810978372000001,991.76001199999996,0.99176001199999997
215,249.99000499999997,247.0,0.0293732,Hold,18.0,18.0,4499.8200899999993,184.88911100000223,4684.7092010000015,603.98991699999999,4.6847092010000013,2422.799696,2.4227996960000002,10878.658534,10.878658533999999,1006.8000479999998,1.0068000479999999
216,250.020004,247.451,0.450882,Hold,18.0,18.0,4500.3600720000004,184.88911100000223,4685.2491830000026,604.01991599999997,4.6852491830000025,2422.9196919999999,2.4229196919999998,10879.198516,10.879198516000001,1006.920044,1.0069200439999999
217,250.479996,248.52,1.06912,Hold,18.0,18.0,4508.6399279999996,184.88911100000223,4693.5290390000018,604.47990800000002,4.6935290390000022,2424.7596600000002,2.4247596600000003,10887.478372000001,10.887478372000002,1008.760012,1.008760012
218,251.57000699999998,248.167,-0.353241,Sell,0.0,18.0,0.0,4713.1492370000014,4713.1492370000014,605.56991900000003,4.7131492370000014,2429.1197040000002,2.4291197040000001,10907.09857,10.90709857,1013.1200559999999,1.0131200559999998
219,251.21000699999999,245.599,-2.56731,Pass,0.0,18.0,0.0,4713.1492370000014,4713.1492370000014,605.56991900000003,4.7131492370000014,2429.1197040000002,2.4291197040000001,10907.09857,10.90709857,1011.6800559999999,1.0116800559999999
220,248.58999599999999,243.917,-1.6824,Pass,0.0,18.0,0.0,4713.1492370000014,4713.1492370000014,605.56991900000003,4.7131492370000014,2429.1197040000002,2.4291197040000001,10907.09857,10.90709857,1001.2000119999999,1.001200012
221,246.86999500000002,241.993,-1.9239,Pass,0.0,18.0,0.0,4713.1492370000014,4713.1492370000014,605.56991900000003,4.7131492370000014,2429.1197040000002,2.4291197040000001,10907.09857,10.90709857,994.32000800000003,0.99432000799999998
222,244.89999399999999,240.813,-1.18008,Pass,0.0,18.0,0.0,4713.1492370000014,4713.1492370000014,605.56991900000003,4.7131492370000014,2429.1197040000002,2.4291197040000001,10907.09857,10.90709857,986.44000399999993,0.98644000399999998
223,243.69000199999999,243.233,2.42001,Buy,19.0,19.0,4630.1100379999998,83.039199000001645,4713.1492370000014,605.56991900000003,4.7131492370000014,2429.1197040000002,2.4291197040000001,11512.668489000002,11.512668489000001,981.60003599999993,0.9816000359999999
224,246.16999799999999,254.845,11.6121,Hold,19.0,19.0,4677.2299619999994,83.039199000001645,4760.2691610000011,608.04991500000006,4.760269161000001,2439.0396880000003,2.4390396880000003,11559.788413000002,11.559788413000001,991.52001999999993,0.99152001999999995
225,258.0,252.608,-2.23669,Sell,0.0,19.0,0.0,4985.0391990000016,4985.0391990000016,619.87991700000009,4.9850391990000018,2486.3596960000004,2.4863596960000005,11784.558451000003,11.784558451000002,1038.8400280000001,1.0388400280000001
226,255.729996,258.845,6.23657,Buy,19.0,19.0,4858.8699239999996,126.16927500000202,4985.0391990000016,619.87991700000009,4.9850391990000018,2486.3596960000004,2.4863596960000005,11784.558451000003,11.784558451000002,1029.760012,1.0297600119999999
227,262.04998799999998,258.301,-0.543915,Sell,0.0,19.0,0.0,5105.119047000002,5105.119047000002,626.19990900000005,5.1051190470000023,2511.6396640000003,2.511639664,11904.638299000002,11.904638299000002,1055.03998,1.0550399800000001
228,261.5,258.716,0.415375,Buy,19.0,19.0,4968.5,136.61904700000196,5105.119047000002,626.19990900000005,5.1051190470000023,2511.6396640000003,2.511639664,11904.638299000002,11.904638299000002,1052.8400280000001,1.0528400280000001
229,261.92001299999998,247.647,-11.0695,Sell,0.0,19.0,0.0,5113.0992940000015,5113.0992940000015,626.61992200000009,5.1130992940000013,2513.3197160000004,2.5133197160000003,11912.618546000002,11.912618546000001,1054.5200799999998,1.0545200799999999
230,250.67999300000002,251.9,4.25296,Buy,20.0,20.0,5013.5998600000003,99.499434000001202,5113.0992940000015,626.61992200000009,5.1130992940000013,2513.3197160000004,2.5133197160000003,12539.238468000001,12.539238468000001,1009.5600000000001,1.00956
231,255.00999500000003,251.674,-0.226334,Sell,0.0,20.0,0.0,5199.6993340000017,5199.6993340000017,630.94992400000001,5.1996993340000017,2530.6397240000001,2.5306397240000003,12625.838508000001,12.625838508000001,1026.8800080000001,1.026880008
232,254.77999900000003,259.943,8.26979,Buy,20.0,20.0,5095.5999800000009,104.09935400000086,5199.6993340000017,630.94992400000001,5.1996993340000017,2530.6397240000001,2.5306397240000003,12625.838508000001,12.625838508000001,1025.960024,1.025960024
233,263.16000400000001,266.949,7.00607,Hold,20.0,20.0,5263.2000800000005,104.09935400000086,5367.2994340000014,639.32992899999999,5.3672994340000013,2564.159744,2.5641597439999999,12793.438608,12.793438608000001,1059.4800439999999,1.0594800439999998
234,270.22000099999997,274.158,7.20901,Hold,20.0,20.0,5404.4000199999991,104.09935400000086,5508.499374,646.38992599999983,5.5084993740000003,2592.3997319999994,2.5923997319999996,12934.638547999997,12.934638547999997,1087.7200319999997,1.0877200319999998
235,277.45001200000002,274.088,-0.0699768,Sell,0.0,20.0,0.0,5653.0995940000012,5653.0995940000012,653.61993699999994,5.6530995940000013,2621.3197759999998,2.621319776,13079.238767999999,13.079238768,1116.6400760000001,1.1166400760000001
236,277.38000499999998,,,Sell,0.0,20.0,0.0,5653.0995940000012,5653.0995940000012,653.61993699999994,5.6530995940000013,2621.3197759999998,2.621319776,13079.238767999999,13.079238768,1116.360048,1.116360048
